<annotation>
	<folder>pandas</folder>
	<filename>panda_69.jpeg</filename>
	<path>/home/troy/Desktop/pandas/panda_69.jpeg</path>
	<source>
		<database>Unknown</database>
	</source>
	<size>
		<width>605</width>
		<height>480</height>
		<depth>3</depth>
	</size>
	<segmented>0</segmented>
	<object>
		<name>panda</name>
		<pose>Unspecified</pose>
		<truncated>0</truncated>
		<difficult>0</difficult>
		<bndbox>
			<xmin>128</xmin>
			<ymin>31</ymin>
			<xmax>561</xmax>
			<ymax>363</ymax>
		</bndbox>
	</object>
</annotation>
