<annotation>
	<folder>pandas</folder>
	<filename>panda_8.jpg</filename>
	<path>/home/troy/Desktop/pandas/panda_8.jpg</path>
	<source>
		<database>Unknown</database>
	</source>
	<size>
		<width>640</width>
		<height>427</height>
		<depth>3</depth>
	</size>
	<segmented>0</segmented>
	<object>
		<name>panda</name>
		<pose>Unspecified</pose>
		<truncated>0</truncated>
		<difficult>0</difficult>
		<bndbox>
			<xmin>159</xmin>
			<ymin>8</ymin>
			<xmax>515</xmax>
			<ymax>420</ymax>
		</bndbox>
	</object>
</annotation>
