<annotation>
	<folder>pandas</folder>
	<filename>panda_80.jpg</filename>
	<path>/home/troy/Desktop/pandas/panda_80.jpg</path>
	<source>
		<database>Unknown</database>
	</source>
	<size>
		<width>780</width>
		<height>521</height>
		<depth>3</depth>
	</size>
	<segmented>0</segmented>
	<object>
		<name>panda</name>
		<pose>Unspecified</pose>
		<truncated>0</truncated>
		<difficult>0</difficult>
		<bndbox>
			<xmin>162</xmin>
			<ymin>269</ymin>
			<xmax>747</xmax>
			<ymax>485</ymax>
		</bndbox>
	</object>
</annotation>
