<annotation>
	<folder>pandas</folder>
	<filename>panda_79.jpeg</filename>
	<path>/home/troy/Desktop/pandas/panda_79.jpeg</path>
	<source>
		<database>Unknown</database>
	</source>
	<size>
		<width>640</width>
		<height>326</height>
		<depth>3</depth>
	</size>
	<segmented>0</segmented>
	<object>
		<name>panda</name>
		<pose>Unspecified</pose>
		<truncated>0</truncated>
		<difficult>0</difficult>
		<bndbox>
			<xmin>240</xmin>
			<ymin>69</ymin>
			<xmax>481</xmax>
			<ymax>312</ymax>
		</bndbox>
	</object>
</annotation>
