<annotation>
	<folder>pandas</folder>
	<filename>panda_72.jpg</filename>
	<path>/home/troy/Desktop/pandas/panda_72.jpg</path>
	<source>
		<database>Unknown</database>
	</source>
	<size>
		<width>1200</width>
		<height>669</height>
		<depth>3</depth>
	</size>
	<segmented>0</segmented>
	<object>
		<name>panda</name>
		<pose>Unspecified</pose>
		<truncated>0</truncated>
		<difficult>0</difficult>
		<bndbox>
			<xmin>328</xmin>
			<ymin>61</ymin>
			<xmax>807</xmax>
			<ymax>501</ymax>
		</bndbox>
	</object>
</annotation>
