<annotation>
	<folder>pandas</folder>
	<filename>panda_34.jpg</filename>
	<path>/home/troy/Desktop/pandas/panda_34.jpg</path>
	<source>
		<database>Unknown</database>
	</source>
	<size>
		<width>1280</width>
		<height>720</height>
		<depth>3</depth>
	</size>
	<segmented>0</segmented>
	<object>
		<name>panda</name>
		<pose>Unspecified</pose>
		<truncated>1</truncated>
		<difficult>0</difficult>
		<bndbox>
			<xmin>308</xmin>
			<ymin>96</ymin>
			<xmax>1071</xmax>
			<ymax>720</ymax>
		</bndbox>
	</object>
</annotation>
