<annotation>
	<folder>pandas</folder>
	<filename>panda_12.jpg</filename>
	<path>/home/troy/Desktop/pandas/panda_12.jpg</path>
	<source>
		<database>Unknown</database>
	</source>
	<size>
		<width>630</width>
		<height>390</height>
		<depth>3</depth>
	</size>
	<segmented>0</segmented>
	<object>
		<name>panda</name>
		<pose>Unspecified</pose>
		<truncated>0</truncated>
		<difficult>0</difficult>
		<bndbox>
			<xmin>112</xmin>
			<ymin>14</ymin>
			<xmax>446</xmax>
			<ymax>383</ymax>
		</bndbox>
	</object>
</annotation>
