<annotation>
	<folder>pandas</folder>
	<filename>panda_45.jpg</filename>
	<path>/home/troy/Desktop/pandas/panda_45.jpg</path>
	<source>
		<database>Unknown</database>
	</source>
	<size>
		<width>860</width>
		<height>607</height>
		<depth>3</depth>
	</size>
	<segmented>0</segmented>
	<object>
		<name>panda</name>
		<pose>Unspecified</pose>
		<truncated>0</truncated>
		<difficult>0</difficult>
		<bndbox>
			<xmin>75</xmin>
			<ymin>55</ymin>
			<xmax>796</xmax>
			<ymax>435</ymax>
		</bndbox>
	</object>
</annotation>
