<annotation>
	<folder>pandas</folder>
	<filename>panda_43.jpg</filename>
	<path>/home/troy/Desktop/pandas/panda_43.jpg</path>
	<source>
		<database>Unknown</database>
	</source>
	<size>
		<width>899</width>
		<height>599</height>
		<depth>3</depth>
	</size>
	<segmented>0</segmented>
	<object>
		<name>panda</name>
		<pose>Unspecified</pose>
		<truncated>0</truncated>
		<difficult>0</difficult>
		<bndbox>
			<xmin>309</xmin>
			<ymin>172</ymin>
			<xmax>549</xmax>
			<ymax>410</ymax>
		</bndbox>
	</object>
</annotation>
