<annotation>
	<folder>pandas</folder>
	<filename>panda_71.jpg</filename>
	<path>/home/troy/Desktop/pandas/panda_71.jpg</path>
	<source>
		<database>Unknown</database>
	</source>
	<size>
		<width>1100</width>
		<height>619</height>
		<depth>3</depth>
	</size>
	<segmented>0</segmented>
	<object>
		<name>panda</name>
		<pose>Unspecified</pose>
		<truncated>0</truncated>
		<difficult>0</difficult>
		<bndbox>
			<xmin>247</xmin>
			<ymin>69</ymin>
			<xmax>815</xmax>
			<ymax>448</ymax>
		</bndbox>
	</object>
</annotation>
