<annotation>
	<folder>pandas</folder>
	<filename>panda_11.jpg</filename>
	<path>/home/troy/Desktop/pandas/panda_11.jpg</path>
	<source>
		<database>Unknown</database>
	</source>
	<size>
		<width>860</width>
		<height>460</height>
		<depth>3</depth>
	</size>
	<segmented>0</segmented>
	<object>
		<name>panda</name>
		<pose>Unspecified</pose>
		<truncated>1</truncated>
		<difficult>0</difficult>
		<bndbox>
			<xmin>163</xmin>
			<ymin>3</ymin>
			<xmax>632</xmax>
			<ymax>460</ymax>
		</bndbox>
	</object>
</annotation>
