<annotation>
	<folder>pandas</folder>
	<filename>panda_47.jpg</filename>
	<path>/home/troy/Desktop/pandas/panda_47.jpg</path>
	<source>
		<database>Unknown</database>
	</source>
	<size>
		<width>496</width>
		<height>384</height>
		<depth>3</depth>
	</size>
	<segmented>0</segmented>
	<object>
		<name>panda</name>
		<pose>Unspecified</pose>
		<truncated>0</truncated>
		<difficult>0</difficult>
		<bndbox>
			<xmin>99</xmin>
			<ymin>49</ymin>
			<xmax>413</xmax>
			<ymax>341</ymax>
		</bndbox>
	</object>
</annotation>
