<annotation>
	<folder>pandas</folder>
	<filename>panda_73.jpg</filename>
	<path>/home/troy/Desktop/pandas/panda_73.jpg</path>
	<source>
		<database>Unknown</database>
	</source>
	<size>
		<width>580</width>
		<height>326</height>
		<depth>3</depth>
	</size>
	<segmented>0</segmented>
	<object>
		<name>panda</name>
		<pose>Unspecified</pose>
		<truncated>0</truncated>
		<difficult>0</difficult>
		<bndbox>
			<xmin>251</xmin>
			<ymin>82</ymin>
			<xmax>495</xmax>
			<ymax>282</ymax>
		</bndbox>
	</object>
</annotation>
