<annotation>
	<folder>pandas</folder>
	<filename>panda_51.jpg</filename>
	<path>/home/troy/Desktop/pandas/panda_51.jpg</path>
	<source>
		<database>Unknown</database>
	</source>
	<size>
		<width>568</width>
		<height>346</height>
		<depth>3</depth>
	</size>
	<segmented>0</segmented>
	<object>
		<name>panda</name>
		<pose>Unspecified</pose>
		<truncated>0</truncated>
		<difficult>0</difficult>
		<bndbox>
			<xmin>36</xmin>
			<ymin>5</ymin>
			<xmax>377</xmax>
			<ymax>344</ymax>
		</bndbox>
	</object>
</annotation>
