<annotation>
	<folder>pandas</folder>
	<filename>panda_49.jpg</filename>
	<path>/home/troy/Desktop/pandas/panda_49.jpg</path>
	<source>
		<database>Unknown</database>
	</source>
	<size>
		<width>1200</width>
		<height>800</height>
		<depth>3</depth>
	</size>
	<segmented>0</segmented>
	<object>
		<name>panda</name>
		<pose>Unspecified</pose>
		<truncated>0</truncated>
		<difficult>0</difficult>
		<bndbox>
			<xmin>431</xmin>
			<ymin>58</ymin>
			<xmax>1089</xmax>
			<ymax>799</ymax>
		</bndbox>
	</object>
</annotation>
