<annotation>
	<folder>pandas</folder>
	<filename>panda_48.webp</filename>
	<path>/home/troy/Desktop/pandas/panda_48.webp</path>
	<source>
		<database>Unknown</database>
	</source>
	<size>
		<width>0</width>
		<height>0</height>
		<depth>3</depth>
	</size>
	<segmented>0</segmented>
	<object>
		<name>panda</name>
		<pose>Unspecified</pose>
		<truncated>0</truncated>
		<difficult>0</difficult>
		<bndbox>
			<xmin>81</xmin>
			<ymin>47</ymin>
			<xmax>682</xmax>
			<ymax>647</ymax>
		</bndbox>
	</object>
</annotation>
