<annotation>
	<folder>pandas</folder>
	<filename>panda_21.jpg</filename>
	<path>/home/troy/Desktop/pandas/panda_21.jpg</path>
	<source>
		<database>Unknown</database>
	</source>
	<size>
		<width>1280</width>
		<height>849</height>
		<depth>3</depth>
	</size>
	<segmented>0</segmented>
	<object>
		<name>panda</name>
		<pose>Unspecified</pose>
		<truncated>0</truncated>
		<difficult>0</difficult>
		<bndbox>
			<xmin>646</xmin>
			<ymin>208</ymin>
			<xmax>1125</xmax>
			<ymax>598</ymax>
		</bndbox>
	</object>
</annotation>
