<annotation>
	<folder>pandas</folder>
	<filename>panda_4.jpeg</filename>
	<path>/home/troy/Desktop/pandas/panda_4.jpeg</path>
	<source>
		<database>Unknown</database>
	</source>
	<size>
		<width>600</width>
		<height>400</height>
		<depth>3</depth>
	</size>
	<segmented>0</segmented>
	<object>
		<name>panda</name>
		<pose>Unspecified</pose>
		<truncated>0</truncated>
		<difficult>0</difficult>
		<bndbox>
			<xmin>106</xmin>
			<ymin>2</ymin>
			<xmax>427</xmax>
			<ymax>338</ymax>
		</bndbox>
	</object>
</annotation>
