<annotation>
	<folder>pandas</folder>
	<filename>panda_70.jpeg</filename>
	<path>/home/troy/Desktop/pandas/panda_70.jpeg</path>
	<source>
		<database>Unknown</database>
	</source>
	<size>
		<width>222</width>
		<height>227</height>
		<depth>3</depth>
	</size>
	<segmented>0</segmented>
	<object>
		<name>panda</name>
		<pose>Unspecified</pose>
		<truncated>0</truncated>
		<difficult>0</difficult>
		<bndbox>
			<xmin>27</xmin>
			<ymin>80</ymin>
			<xmax>210</xmax>
			<ymax>198</ymax>
		</bndbox>
	</object>
</annotation>
