<annotation>
	<folder>pandas</folder>
	<filename>panda_64.jpg</filename>
	<path>/home/troy/Desktop/pandas/panda_64.jpg</path>
	<source>
		<database>Unknown</database>
	</source>
	<size>
		<width>690</width>
		<height>683</height>
		<depth>3</depth>
	</size>
	<segmented>0</segmented>
	<object>
		<name>panda</name>
		<pose>Unspecified</pose>
		<truncated>0</truncated>
		<difficult>0</difficult>
		<bndbox>
			<xmin>157</xmin>
			<ymin>273</ymin>
			<xmax>592</xmax>
			<ymax>453</ymax>
		</bndbox>
	</object>
</annotation>
