<annotation>
	<folder>pandas</folder>
	<filename>panda_2.jpeg</filename>
	<path>/home/troy/Desktop/pandas/panda_2.jpeg</path>
	<source>
		<database>Unknown</database>
	</source>
	<size>
		<width>1503</width>
		<height>1000</height>
		<depth>3</depth>
	</size>
	<segmented>0</segmented>
	<object>
		<name>panda</name>
		<pose>Unspecified</pose>
		<truncated>1</truncated>
		<difficult>0</difficult>
		<bndbox>
			<xmin>50</xmin>
			<ymin>6</ymin>
			<xmax>1380</xmax>
			<ymax>1000</ymax>
		</bndbox>
	</object>
</annotation>
