<annotation>
	<folder>pandas</folder>
	<filename>panda_58.jpg</filename>
	<path>/home/troy/Desktop/pandas/panda_58.jpg</path>
	<source>
		<database>Unknown</database>
	</source>
	<size>
		<width>960</width>
		<height>640</height>
		<depth>3</depth>
	</size>
	<segmented>0</segmented>
	<object>
		<name>panda</name>
		<pose>Unspecified</pose>
		<truncated>0</truncated>
		<difficult>0</difficult>
		<bndbox>
			<xmin>519</xmin>
			<ymin>124</ymin>
			<xmax>786</xmax>
			<ymax>587</ymax>
		</bndbox>
	</object>
</annotation>
