<annotation>
	<folder>pandas</folder>
	<filename>panda_41.jpg</filename>
	<path>/home/troy/Desktop/pandas/panda_41.jpg</path>
	<source>
		<database>Unknown</database>
	</source>
	<size>
		<width>510</width>
		<height>340</height>
		<depth>3</depth>
	</size>
	<segmented>0</segmented>
	<object>
		<name>panda</name>
		<pose>Unspecified</pose>
		<truncated>0</truncated>
		<difficult>0</difficult>
		<bndbox>
			<xmin>149</xmin>
			<ymin>37</ymin>
			<xmax>390</xmax>
			<ymax>311</ymax>
		</bndbox>
	</object>
</annotation>
