<annotation>
	<folder>pandas</folder>
	<filename>panda_32.jpg</filename>
	<path>/home/troy/Desktop/pandas/panda_32.jpg</path>
	<source>
		<database>Unknown</database>
	</source>
	<size>
		<width>510</width>
		<height>364</height>
		<depth>3</depth>
	</size>
	<segmented>0</segmented>
	<object>
		<name>panda</name>
		<pose>Unspecified</pose>
		<truncated>0</truncated>
		<difficult>0</difficult>
		<bndbox>
			<xmin>43</xmin>
			<ymin>21</ymin>
			<xmax>412</xmax>
			<ymax>363</ymax>
		</bndbox>
	</object>
</annotation>
