<annotation>
	<folder>pandas</folder>
	<filename>panda_1.jpeg</filename>
	<path>/home/troy/Desktop/pandas/panda_1.jpeg</path>
	<source>
		<database>Unknown</database>
	</source>
	<size>
		<width>989</width>
		<height>556</height>
		<depth>3</depth>
	</size>
	<segmented>0</segmented>
	<object>
		<name>panda</name>
		<pose>Unspecified</pose>
		<truncated>1</truncated>
		<difficult>0</difficult>
		<bndbox>
			<xmin>315</xmin>
			<ymin>15</ymin>
			<xmax>735</xmax>
			<ymax>556</ymax>
		</bndbox>
	</object>
</annotation>
