<annotation>
	<folder>pandas</folder>
	<filename>panda_16.jpg</filename>
	<path>/home/troy/Desktop/pandas/panda_16.jpg</path>
	<source>
		<database>Unknown</database>
	</source>
	<size>
		<width>640</width>
		<height>429</height>
		<depth>3</depth>
	</size>
	<segmented>0</segmented>
	<object>
		<name>panda</name>
		<pose>Unspecified</pose>
		<truncated>1</truncated>
		<difficult>0</difficult>
		<bndbox>
			<xmin>84</xmin>
			<ymin>54</ymin>
			<xmax>461</xmax>
			<ymax>429</ymax>
		</bndbox>
	</object>
</annotation>
