<annotation>
	<folder>pandas</folder>
	<filename>panda_76.jpeg</filename>
	<path>/home/troy/Desktop/pandas/panda_76.jpeg</path>
	<source>
		<database>Unknown</database>
	</source>
	<size>
		<width>800</width>
		<height>521</height>
		<depth>3</depth>
	</size>
	<segmented>0</segmented>
	<object>
		<name>panda</name>
		<pose>Unspecified</pose>
		<truncated>0</truncated>
		<difficult>0</difficult>
		<bndbox>
			<xmin>130</xmin>
			<ymin>21</ymin>
			<xmax>778</xmax>
			<ymax>487</ymax>
		</bndbox>
	</object>
</annotation>
