<annotation>
	<folder>pandas</folder>
	<filename>panda_62.jpg</filename>
	<path>/home/troy/Desktop/pandas/panda_62.jpg</path>
	<source>
		<database>Unknown</database>
	</source>
	<size>
		<width>989</width>
		<height>556</height>
		<depth>3</depth>
	</size>
	<segmented>0</segmented>
	<object>
		<name>panda</name>
		<pose>Unspecified</pose>
		<truncated>0</truncated>
		<difficult>0</difficult>
		<bndbox>
			<xmin>323</xmin>
			<ymin>25</ymin>
			<xmax>731</xmax>
			<ymax>552</ymax>
		</bndbox>
	</object>
</annotation>
