<annotation>
	<folder>pandas</folder>
	<filename>panda_13.jpg</filename>
	<path>/home/troy/Desktop/pandas/panda_13.jpg</path>
	<source>
		<database>Unknown</database>
	</source>
	<size>
		<width>960</width>
		<height>720</height>
		<depth>3</depth>
	</size>
	<segmented>0</segmented>
	<object>
		<name>panda</name>
		<pose>Unspecified</pose>
		<truncated>0</truncated>
		<difficult>0</difficult>
		<bndbox>
			<xmin>274</xmin>
			<ymin>157</ymin>
			<xmax>706</xmax>
			<ymax>635</ymax>
		</bndbox>
	</object>
</annotation>
