<annotation>
	<folder>pandas</folder>
	<filename>panda_81.jpeg</filename>
	<path>/home/troy/Desktop/pandas/panda_81.jpeg</path>
	<source>
		<database>Unknown</database>
	</source>
	<size>
		<width>283</width>
		<height>178</height>
		<depth>3</depth>
	</size>
	<segmented>0</segmented>
	<object>
		<name>panda</name>
		<pose>Unspecified</pose>
		<truncated>0</truncated>
		<difficult>0</difficult>
		<bndbox>
			<xmin>45</xmin>
			<ymin>9</ymin>
			<xmax>262</xmax>
			<ymax>170</ymax>
		</bndbox>
	</object>
</annotation>
