<annotation>
	<folder>pandas</folder>
	<filename>panda_5.jpeg</filename>
	<path>/home/troy/Desktop/pandas/panda_5.jpeg</path>
	<source>
		<database>Unknown</database>
	</source>
	<size>
		<width>900</width>
		<height>654</height>
		<depth>3</depth>
	</size>
	<segmented>0</segmented>
	<object>
		<name>panda</name>
		<pose>Unspecified</pose>
		<truncated>0</truncated>
		<difficult>0</difficult>
		<bndbox>
			<xmin>348</xmin>
			<ymin>81</ymin>
			<xmax>806</xmax>
			<ymax>612</ymax>
		</bndbox>
	</object>
</annotation>
