<annotation>
	<folder>pandas</folder>
	<filename>panda_74.jpeg</filename>
	<path>/home/troy/Desktop/pandas/panda_74.jpeg</path>
	<source>
		<database>Unknown</database>
	</source>
	<size>
		<width>262</width>
		<height>193</height>
		<depth>3</depth>
	</size>
	<segmented>0</segmented>
	<object>
		<name>panda</name>
		<pose>Unspecified</pose>
		<truncated>0</truncated>
		<difficult>0</difficult>
		<bndbox>
			<xmin>8</xmin>
			<ymin>8</ymin>
			<xmax>223</xmax>
			<ymax>192</ymax>
		</bndbox>
	</object>
</annotation>
