<annotation>
	<folder>pandas</folder>
	<filename>panda_7.jpeg</filename>
	<path>/home/troy/Desktop/pandas/panda_7.jpeg</path>
	<source>
		<database>Unknown</database>
	</source>
	<size>
		<width>275</width>
		<height>183</height>
		<depth>3</depth>
	</size>
	<segmented>0</segmented>
	<object>
		<name>panda</name>
		<pose>Unspecified</pose>
		<truncated>0</truncated>
		<difficult>0</difficult>
		<bndbox>
			<xmin>79</xmin>
			<ymin>12</ymin>
			<xmax>186</xmax>
			<ymax>154</ymax>
		</bndbox>
	</object>
</annotation>
