<annotation>
	<folder>pandas</folder>
	<filename>panda_55.jpg</filename>
	<path>/home/troy/Desktop/pandas/panda_55.jpg</path>
	<source>
		<database>Unknown</database>
	</source>
	<size>
		<width>640</width>
		<height>379</height>
		<depth>3</depth>
	</size>
	<segmented>0</segmented>
	<object>
		<name>panda</name>
		<pose>Unspecified</pose>
		<truncated>0</truncated>
		<difficult>0</difficult>
		<bndbox>
			<xmin>108</xmin>
			<ymin>27</ymin>
			<xmax>499</xmax>
			<ymax>376</ymax>
		</bndbox>
	</object>
</annotation>
