<annotation>
	<folder>pandas</folder>
	<filename>panda_57.jpg</filename>
	<path>/home/troy/Desktop/pandas/panda_57.jpg</path>
	<source>
		<database>Unknown</database>
	</source>
	<size>
		<width>852</width>
		<height>480</height>
		<depth>3</depth>
	</size>
	<segmented>0</segmented>
	<object>
		<name>panda</name>
		<pose>Unspecified</pose>
		<truncated>0</truncated>
		<difficult>0</difficult>
		<bndbox>
			<xmin>171</xmin>
			<ymin>85</ymin>
			<xmax>397</xmax>
			<ymax>387</ymax>
		</bndbox>
	</object>
</annotation>
