<annotation>
	<folder>pandas</folder>
	<filename>panda_83.jpeg</filename>
	<path>/home/troy/Desktop/pandas/panda_83.jpeg</path>
	<source>
		<database>Unknown</database>
	</source>
	<size>
		<width>275</width>
		<height>184</height>
		<depth>3</depth>
	</size>
	<segmented>0</segmented>
	<object>
		<name>panda</name>
		<pose>Unspecified</pose>
		<truncated>1</truncated>
		<difficult>0</difficult>
		<bndbox>
			<xmin>54</xmin>
			<ymin>1</ymin>
			<xmax>221</xmax>
			<ymax>184</ymax>
		</bndbox>
	</object>
</annotation>
