<annotation>
	<folder>pandas</folder>
	<filename>panda_63.jpg</filename>
	<path>/home/troy/Desktop/pandas/panda_63.jpg</path>
	<source>
		<database>Unknown</database>
	</source>
	<size>
		<width>700</width>
		<height>486</height>
		<depth>3</depth>
	</size>
	<segmented>0</segmented>
	<object>
		<name>panda</name>
		<pose>Unspecified</pose>
		<truncated>0</truncated>
		<difficult>0</difficult>
		<bndbox>
			<xmin>240</xmin>
			<ymin>22</ymin>
			<xmax>506</xmax>
			<ymax>461</ymax>
		</bndbox>
	</object>
</annotation>
