<annotation>
	<folder>pandas</folder>
	<filename>panda_56.jpg</filename>
	<path>/home/troy/Desktop/pandas/panda_56.jpg</path>
	<source>
		<database>Unknown</database>
	</source>
	<size>
		<width>1280</width>
		<height>720</height>
		<depth>3</depth>
	</size>
	<segmented>0</segmented>
	<object>
		<name>panda</name>
		<pose>Unspecified</pose>
		<truncated>0</truncated>
		<difficult>0</difficult>
		<bndbox>
			<xmin>768</xmin>
			<ymin>5</ymin>
			<xmax>1219</xmax>
			<ymax>719</ymax>
		</bndbox>
	</object>
</annotation>
