<annotation>
	<folder>pandas</folder>
	<filename>panda_85.jpg</filename>
	<path>/home/troy/Desktop/pandas/panda_85.jpg</path>
	<source>
		<database>Unknown</database>
	</source>
	<size>
		<width>2048</width>
		<height>1370</height>
		<depth>3</depth>
	</size>
	<segmented>0</segmented>
	<object>
		<name>panda</name>
		<pose>Unspecified</pose>
		<truncated>0</truncated>
		<difficult>0</difficult>
		<bndbox>
			<xmin>45</xmin>
			<ymin>179</ymin>
			<xmax>1925</xmax>
			<ymax>1133</ymax>
		</bndbox>
	</object>
</annotation>
