<annotation>
	<folder>pandas</folder>
	<filename>panda_67.jpg</filename>
	<path>/home/troy/Desktop/pandas/panda_67.jpg</path>
	<source>
		<database>Unknown</database>
	</source>
	<size>
		<width>600</width>
		<height>436</height>
		<depth>3</depth>
	</size>
	<segmented>0</segmented>
	<object>
		<name>panda</name>
		<pose>Unspecified</pose>
		<truncated>0</truncated>
		<difficult>0</difficult>
		<bndbox>
			<xmin>150</xmin>
			<ymin>54</ymin>
			<xmax>505</xmax>
			<ymax>381</ymax>
		</bndbox>
	</object>
</annotation>
