<annotation>
	<folder>pandas</folder>
	<filename>panda_10.jpg</filename>
	<path>/home/troy/Desktop/pandas/panda_10.jpg</path>
	<source>
		<database>Unknown</database>
	</source>
	<size>
		<width>708</width>
		<height>398</height>
		<depth>3</depth>
	</size>
	<segmented>0</segmented>
	<object>
		<name>panda</name>
		<pose>Unspecified</pose>
		<truncated>0</truncated>
		<difficult>0</difficult>
		<bndbox>
			<xmin>216</xmin>
			<ymin>6</ymin>
			<xmax>599</xmax>
			<ymax>397</ymax>
		</bndbox>
	</object>
</annotation>
