<annotation>
	<folder>pandas</folder>
	<filename>panda_20.jpg</filename>
	<path>/home/troy/Desktop/pandas/panda_20.jpg</path>
	<source>
		<database>Unknown</database>
	</source>
	<size>
		<width>620</width>
		<height>349</height>
		<depth>3</depth>
	</size>
	<segmented>0</segmented>
	<object>
		<name>panda</name>
		<pose>Unspecified</pose>
		<truncated>1</truncated>
		<difficult>0</difficult>
		<bndbox>
			<xmin>185</xmin>
			<ymin>42</ymin>
			<xmax>620</xmax>
			<ymax>308</ymax>
		</bndbox>
	</object>
</annotation>
