<annotation>
	<folder>pandas</folder>
	<filename>panda_33.jpeg</filename>
	<path>/home/troy/Desktop/pandas/panda_33.jpeg</path>
	<source>
		<database>Unknown</database>
	</source>
	<size>
		<width>840</width>
		<height>546</height>
		<depth>3</depth>
	</size>
	<segmented>0</segmented>
	<object>
		<name>panda</name>
		<pose>Unspecified</pose>
		<truncated>0</truncated>
		<difficult>0</difficult>
		<bndbox>
			<xmin>173</xmin>
			<ymin>93</ymin>
			<xmax>491</xmax>
			<ymax>545</ymax>
		</bndbox>
	</object>
</annotation>
