<annotation>
	<folder>pandas</folder>
	<filename>panda_30.jpg</filename>
	<path>/home/troy/Desktop/pandas/panda_30.jpg</path>
	<source>
		<database>Unknown</database>
	</source>
	<size>
		<width>940</width>
		<height>627</height>
		<depth>3</depth>
	</size>
	<segmented>0</segmented>
	<object>
		<name>panda</name>
		<pose>Unspecified</pose>
		<truncated>0</truncated>
		<difficult>0</difficult>
		<bndbox>
			<xmin>131</xmin>
			<ymin>50</ymin>
			<xmax>889</xmax>
			<ymax>614</ymax>
		</bndbox>
	</object>
</annotation>
