<annotation>
	<folder>pandas</folder>
	<filename>panda_40.jpg</filename>
	<path>/home/troy/Desktop/pandas/panda_40.jpg</path>
	<source>
		<database>Unknown</database>
	</source>
	<size>
		<width>510</width>
		<height>340</height>
		<depth>3</depth>
	</size>
	<segmented>0</segmented>
	<object>
		<name>panda</name>
		<pose>Unspecified</pose>
		<truncated>0</truncated>
		<difficult>0</difficult>
		<bndbox>
			<xmin>69</xmin>
			<ymin>34</ymin>
			<xmax>373</xmax>
			<ymax>245</ymax>
		</bndbox>
	</object>
</annotation>
