<annotation>
	<folder>pandas</folder>
	<filename>panda_61.jpg</filename>
	<path>/home/troy/Desktop/pandas/panda_61.jpg</path>
	<source>
		<database>Unknown</database>
	</source>
	<size>
		<width>800</width>
		<height>533</height>
		<depth>3</depth>
	</size>
	<segmented>0</segmented>
	<object>
		<name>panda</name>
		<pose>Unspecified</pose>
		<truncated>0</truncated>
		<difficult>0</difficult>
		<bndbox>
			<xmin>216</xmin>
			<ymin>50</ymin>
			<xmax>596</xmax>
			<ymax>478</ymax>
		</bndbox>
	</object>
</annotation>
