<annotation>
	<folder>pandas</folder>
	<filename>panda_53.jpg</filename>
	<path>/home/troy/Desktop/pandas/panda_53.jpg</path>
	<source>
		<database>Unknown</database>
	</source>
	<size>
		<width>800</width>
		<height>533</height>
		<depth>3</depth>
	</size>
	<segmented>0</segmented>
	<object>
		<name>panda</name>
		<pose>Unspecified</pose>
		<truncated>1</truncated>
		<difficult>0</difficult>
		<bndbox>
			<xmin>432</xmin>
			<ymin>1</ymin>
			<xmax>757</xmax>
			<ymax>388</ymax>
		</bndbox>
	</object>
	<object>
		<name>panda</name>
		<pose>Unspecified</pose>
		<truncated>0</truncated>
		<difficult>0</difficult>
		<bndbox>
			<xmin>54</xmin>
			<ymin>130</ymin>
			<xmax>508</xmax>
			<ymax>528</ymax>
		</bndbox>
	</object>
</annotation>
