<annotation>
	<folder>pandas</folder>
	<filename>panda_15.jpg</filename>
	<path>/home/troy/Desktop/pandas/panda_15.jpg</path>
	<source>
		<database>Unknown</database>
	</source>
	<size>
		<width>1080</width>
		<height>1080</height>
		<depth>3</depth>
	</size>
	<segmented>0</segmented>
	<object>
		<name>panda</name>
		<pose>Unspecified</pose>
		<truncated>0</truncated>
		<difficult>0</difficult>
		<bndbox>
			<xmin>262</xmin>
			<ymin>168</ymin>
			<xmax>855</xmax>
			<ymax>969</ymax>
		</bndbox>
	</object>
</annotation>
