<annotation>
	<folder>pandas</folder>
	<filename>panda_75.jpg</filename>
	<path>/home/troy/Desktop/pandas/panda_75.jpg</path>
	<source>
		<database>Unknown</database>
	</source>
	<size>
		<width>1600</width>
		<height>900</height>
		<depth>3</depth>
	</size>
	<segmented>0</segmented>
	<object>
		<name>panda</name>
		<pose>Unspecified</pose>
		<truncated>0</truncated>
		<difficult>0</difficult>
		<bndbox>
			<xmin>62</xmin>
			<ymin>22</ymin>
			<xmax>1308</xmax>
			<ymax>873</ymax>
		</bndbox>
	</object>
</annotation>
