<annotation>
	<folder>pandas</folder>
	<filename>panda_18.jpg</filename>
	<path>/home/troy/Desktop/pandas/panda_18.jpg</path>
	<source>
		<database>Unknown</database>
	</source>
	<size>
		<width>1000</width>
		<height>665</height>
		<depth>3</depth>
	</size>
	<segmented>0</segmented>
	<object>
		<name>panda</name>
		<pose>Unspecified</pose>
		<truncated>0</truncated>
		<difficult>0</difficult>
		<bndbox>
			<xmin>136</xmin>
			<ymin>216</ymin>
			<xmax>878</xmax>
			<ymax>521</ymax>
		</bndbox>
	</object>
</annotation>
