<annotation>
	<folder>pandas</folder>
	<filename>panda_52.jpg</filename>
	<path>/home/troy/Desktop/pandas/panda_52.jpg</path>
	<source>
		<database>Unknown</database>
	</source>
	<size>
		<width>885</width>
		<height>498</height>
		<depth>3</depth>
	</size>
	<segmented>0</segmented>
	<object>
		<name>panda</name>
		<pose>Unspecified</pose>
		<truncated>0</truncated>
		<difficult>0</difficult>
		<bndbox>
			<xmin>112</xmin>
			<ymin>32</ymin>
			<xmax>776</xmax>
			<ymax>471</ymax>
		</bndbox>
	</object>
</annotation>
