<annotation>
	<folder>pandas</folder>
	<filename>panda_65.jpg</filename>
	<path>/home/troy/Desktop/pandas/panda_65.jpg</path>
	<source>
		<database>Unknown</database>
	</source>
	<size>
		<width>480</width>
		<height>360</height>
		<depth>3</depth>
	</size>
	<segmented>0</segmented>
	<object>
		<name>panda</name>
		<pose>Unspecified</pose>
		<truncated>0</truncated>
		<difficult>0</difficult>
		<bndbox>
			<xmin>100</xmin>
			<ymin>52</ymin>
			<xmax>361</xmax>
			<ymax>338</ymax>
		</bndbox>
	</object>
</annotation>
