<annotation>
	<folder>pandas</folder>
	<filename>panda_22.jpg</filename>
	<path>/home/troy/Desktop/pandas/panda_22.jpg</path>
	<source>
		<database>Unknown</database>
	</source>
	<size>
		<width>1200</width>
		<height>600</height>
		<depth>3</depth>
	</size>
	<segmented>0</segmented>
	<object>
		<name>panda</name>
		<pose>Unspecified</pose>
		<truncated>0</truncated>
		<difficult>0</difficult>
		<bndbox>
			<xmin>637</xmin>
			<ymin>177</ymin>
			<xmax>969</xmax>
			<ymax>386</ymax>
		</bndbox>
	</object>
</annotation>
