<annotation>
	<folder>pandas</folder>
	<filename>panda_28.jpg</filename>
	<path>/home/troy/Desktop/pandas/panda_28.jpg</path>
	<source>
		<database>Unknown</database>
	</source>
	<size>
		<width>1023</width>
		<height>682</height>
		<depth>3</depth>
	</size>
	<segmented>0</segmented>
	<object>
		<name>panda</name>
		<pose>Unspecified</pose>
		<truncated>0</truncated>
		<difficult>0</difficult>
		<bndbox>
			<xmin>287</xmin>
			<ymin>179</ymin>
			<xmax>722</xmax>
			<ymax>662</ymax>
		</bndbox>
	</object>
</annotation>
