<annotation>
	<folder>pandas</folder>
	<filename>panda_46.jpg</filename>
	<path>/home/troy/Desktop/pandas/panda_46.jpg</path>
	<source>
		<database>Unknown</database>
	</source>
	<size>
		<width>950</width>
		<height>534</height>
		<depth>3</depth>
	</size>
	<segmented>0</segmented>
	<object>
		<name>panda</name>
		<pose>Unspecified</pose>
		<truncated>0</truncated>
		<difficult>0</difficult>
		<bndbox>
			<xmin>236</xmin>
			<ymin>2</ymin>
			<xmax>697</xmax>
			<ymax>523</ymax>
		</bndbox>
	</object>
</annotation>
