<annotation>
	<folder>pandas</folder>
	<filename>panda_35.jpg</filename>
	<path>/home/troy/Desktop/pandas/panda_35.jpg</path>
	<source>
		<database>Unknown</database>
	</source>
	<size>
		<width>1200</width>
		<height>900</height>
		<depth>3</depth>
	</size>
	<segmented>0</segmented>
	<object>
		<name>panda</name>
		<pose>Unspecified</pose>
		<truncated>0</truncated>
		<difficult>0</difficult>
		<bndbox>
			<xmin>183</xmin>
			<ymin>30</ymin>
			<xmax>1005</xmax>
			<ymax>835</ymax>
		</bndbox>
	</object>
</annotation>
