<annotation>
	<folder>pandas</folder>
	<filename>panda_36.jpg</filename>
	<path>/home/troy/Desktop/pandas/panda_36.jpg</path>
	<source>
		<database>Unknown</database>
	</source>
	<size>
		<width>984</width>
		<height>656</height>
		<depth>3</depth>
	</size>
	<segmented>0</segmented>
	<object>
		<name>panda</name>
		<pose>Unspecified</pose>
		<truncated>0</truncated>
		<difficult>0</difficult>
		<bndbox>
			<xmin>206</xmin>
			<ymin>34</ymin>
			<xmax>746</xmax>
			<ymax>652</ymax>
		</bndbox>
	</object>
</annotation>
