<annotation>
	<folder>pandas</folder>
	<filename>panda_60.jpg</filename>
	<path>/home/troy/Desktop/pandas/panda_60.jpg</path>
	<source>
		<database>Unknown</database>
	</source>
	<size>
		<width>580</width>
		<height>435</height>
		<depth>3</depth>
	</size>
	<segmented>0</segmented>
	<object>
		<name>panda</name>
		<pose>Unspecified</pose>
		<truncated>0</truncated>
		<difficult>0</difficult>
		<bndbox>
			<xmin>134</xmin>
			<ymin>114</ymin>
			<xmax>333</xmax>
			<ymax>327</ymax>
		</bndbox>
	</object>
</annotation>
