<annotation>
	<folder>pandas</folder>
	<filename>panda_17.jpg</filename>
	<path>/home/troy/Desktop/pandas/panda_17.jpg</path>
	<source>
		<database>Unknown</database>
	</source>
	<size>
		<width>800</width>
		<height>450</height>
		<depth>3</depth>
	</size>
	<segmented>0</segmented>
	<object>
		<name>panda</name>
		<pose>Unspecified</pose>
		<truncated>1</truncated>
		<difficult>0</difficult>
		<bndbox>
			<xmin>162</xmin>
			<ymin>60</ymin>
			<xmax>675</xmax>
			<ymax>450</ymax>
		</bndbox>
	</object>
</annotation>
