<annotation>
	<folder>pandas</folder>
	<filename>panda_38.jpg</filename>
	<path>/home/troy/Desktop/pandas/panda_38.jpg</path>
	<source>
		<database>Unknown</database>
	</source>
	<size>
		<width>1024</width>
		<height>683</height>
		<depth>3</depth>
	</size>
	<segmented>0</segmented>
	<object>
		<name>panda</name>
		<pose>Unspecified</pose>
		<truncated>1</truncated>
		<difficult>0</difficult>
		<bndbox>
			<xmin>1</xmin>
			<ymin>39</ymin>
			<xmax>1014</xmax>
			<ymax>560</ymax>
		</bndbox>
	</object>
</annotation>
