<annotation>
	<folder>pandas</folder>
	<filename>panda_66.jpeg</filename>
	<path>/home/troy/Desktop/pandas/panda_66.jpeg</path>
	<source>
		<database>Unknown</database>
	</source>
	<size>
		<width>259</width>
		<height>194</height>
		<depth>3</depth>
	</size>
	<segmented>0</segmented>
	<object>
		<name>panda</name>
		<pose>Unspecified</pose>
		<truncated>0</truncated>
		<difficult>0</difficult>
		<bndbox>
			<xmin>12</xmin>
			<ymin>16</ymin>
			<xmax>186</xmax>
			<ymax>171</ymax>
		</bndbox>
	</object>
</annotation>
