<annotation>
	<folder>pandas</folder>
	<filename>panda_37.jpg</filename>
	<path>/home/troy/Desktop/pandas/panda_37.jpg</path>
	<source>
		<database>Unknown</database>
	</source>
	<size>
		<width>860</width>
		<height>574</height>
		<depth>3</depth>
	</size>
	<segmented>0</segmented>
	<object>
		<name>panda</name>
		<pose>Unspecified</pose>
		<truncated>1</truncated>
		<difficult>0</difficult>
		<bndbox>
			<xmin>234</xmin>
			<ymin>2</ymin>
			<xmax>814</xmax>
			<ymax>574</ymax>
		</bndbox>
	</object>
</annotation>
