<annotation>
	<folder>pandas</folder>
	<filename>panda_44.jpg</filename>
	<path>/home/troy/Desktop/pandas/panda_44.jpg</path>
	<source>
		<database>Unknown</database>
	</source>
	<size>
		<width>800</width>
		<height>600</height>
		<depth>3</depth>
	</size>
	<segmented>0</segmented>
	<object>
		<name>panda</name>
		<pose>Unspecified</pose>
		<truncated>0</truncated>
		<difficult>0</difficult>
		<bndbox>
			<xmin>73</xmin>
			<ymin>147</ymin>
			<xmax>616</xmax>
			<ymax>500</ymax>
		</bndbox>
	</object>
</annotation>
