<annotation>
	<folder>pandas</folder>
	<filename>panda_19.jpeg</filename>
	<path>/home/troy/Desktop/pandas/panda_19.jpeg</path>
	<source>
		<database>Unknown</database>
	</source>
	<size>
		<width>266</width>
		<height>190</height>
		<depth>3</depth>
	</size>
	<segmented>0</segmented>
	<object>
		<name>panda</name>
		<pose>Unspecified</pose>
		<truncated>0</truncated>
		<difficult>0</difficult>
		<bndbox>
			<xmin>20</xmin>
			<ymin>25</ymin>
			<xmax>250</xmax>
			<ymax>164</ymax>
		</bndbox>
	</object>
</annotation>
