<annotation>
	<folder>pandas</folder>
	<filename>panda_26.jpg</filename>
	<path>/home/troy/Desktop/pandas/panda_26.jpg</path>
	<source>
		<database>Unknown</database>
	</source>
	<size>
		<width>910</width>
		<height>480</height>
		<depth>3</depth>
	</size>
	<segmented>0</segmented>
	<object>
		<name>panda</name>
		<pose>Unspecified</pose>
		<truncated>0</truncated>
		<difficult>0</difficult>
		<bndbox>
			<xmin>496</xmin>
			<ymin>46</ymin>
			<xmax>701</xmax>
			<ymax>452</ymax>
		</bndbox>
	</object>
</annotation>
