<annotation>
	<folder>pandas</folder>
	<filename>panda_50.jpeg</filename>
	<path>/home/troy/Desktop/pandas/panda_50.jpeg</path>
	<source>
		<database>Unknown</database>
	</source>
	<size>
		<width>900</width>
		<height>588</height>
		<depth>3</depth>
	</size>
	<segmented>0</segmented>
	<object>
		<name>panda</name>
		<pose>Unspecified</pose>
		<truncated>1</truncated>
		<difficult>0</difficult>
		<bndbox>
			<xmin>148</xmin>
			<ymin>31</ymin>
			<xmax>766</xmax>
			<ymax>588</ymax>
		</bndbox>
	</object>
</annotation>
