<annotation>
	<folder>pandas</folder>
	<filename>panda_39.jpg</filename>
	<path>/home/troy/Desktop/pandas/panda_39.jpg</path>
	<source>
		<database>Unknown</database>
	</source>
	<size>
		<width>653</width>
		<height>434</height>
		<depth>3</depth>
	</size>
	<segmented>0</segmented>
	<object>
		<name>panda</name>
		<pose>Unspecified</pose>
		<truncated>0</truncated>
		<difficult>0</difficult>
		<bndbox>
			<xmin>193</xmin>
			<ymin>49</ymin>
			<xmax>625</xmax>
			<ymax>373</ymax>
		</bndbox>
	</object>
</annotation>
