<annotation>
	<folder>pandas</folder>
	<filename>panda_29.jpg</filename>
	<path>/home/troy/Desktop/pandas/panda_29.jpg</path>
	<source>
		<database>Unknown</database>
	</source>
	<size>
		<width>1300</width>
		<height>866</height>
		<depth>3</depth>
	</size>
	<segmented>0</segmented>
	<object>
		<name>panda</name>
		<pose>Unspecified</pose>
		<truncated>0</truncated>
		<difficult>0</difficult>
		<bndbox>
			<xmin>464</xmin>
			<ymin>132</ymin>
			<xmax>1127</xmax>
			<ymax>833</ymax>
		</bndbox>
	</object>
</annotation>
