<annotation>
	<folder>pandas</folder>
	<filename>panda_54.jpeg</filename>
	<path>/home/troy/Desktop/pandas/panda_54.jpeg</path>
	<source>
		<database>Unknown</database>
	</source>
	<size>
		<width>1080</width>
		<height>809</height>
		<depth>3</depth>
	</size>
	<segmented>0</segmented>
	<object>
		<name>panda</name>
		<pose>Unspecified</pose>
		<truncated>0</truncated>
		<difficult>0</difficult>
		<bndbox>
			<xmin>265</xmin>
			<ymin>86</ymin>
			<xmax>902</xmax>
			<ymax>697</ymax>
		</bndbox>
	</object>
</annotation>
