<annotation>
	<folder>pandas</folder>
	<filename>panda_59.jpg</filename>
	<path>/home/troy/Desktop/pandas/panda_59.jpg</path>
	<source>
		<database>Unknown</database>
	</source>
	<size>
		<width>990</width>
		<height>660</height>
		<depth>3</depth>
	</size>
	<segmented>0</segmented>
	<object>
		<name>panda</name>
		<pose>Unspecified</pose>
		<truncated>0</truncated>
		<difficult>0</difficult>
		<bndbox>
			<xmin>261</xmin>
			<ymin>107</ymin>
			<xmax>586</xmax>
			<ymax>581</ymax>
		</bndbox>
	</object>
</annotation>
