<annotation>
	<folder>pandas</folder>
	<filename>panda_78.jpg</filename>
	<path>/home/troy/Desktop/pandas/panda_78.jpg</path>
	<source>
		<database>Unknown</database>
	</source>
	<size>
		<width>660</width>
		<height>371</height>
		<depth>3</depth>
	</size>
	<segmented>0</segmented>
	<object>
		<name>panda</name>
		<pose>Unspecified</pose>
		<truncated>0</truncated>
		<difficult>0</difficult>
		<bndbox>
			<xmin>74</xmin>
			<ymin>26</ymin>
			<xmax>445</xmax>
			<ymax>367</ymax>
		</bndbox>
	</object>
</annotation>
