<annotation>
	<folder>pandas</folder>
	<filename>panda_31.jpg</filename>
	<path>/home/troy/Desktop/pandas/panda_31.jpg</path>
	<source>
		<database>Unknown</database>
	</source>
	<size>
		<width>900</width>
		<height>600</height>
		<depth>3</depth>
	</size>
	<segmented>0</segmented>
	<object>
		<name>panda</name>
		<pose>Unspecified</pose>
		<truncated>0</truncated>
		<difficult>0</difficult>
		<bndbox>
			<xmin>106</xmin>
			<ymin>84</ymin>
			<xmax>881</xmax>
			<ymax>552</ymax>
		</bndbox>
	</object>
</annotation>
